{"active_subscribers_count":4224,"active_trials_count":21,"active_users_count":9484.0,"installs_count":6429.0,"mrr":13393.57575047265,"revenue":15337.84640605269}
